{
  "rouge1_f1": 0.24331646188548556,
  "rouge2_f1": 0.043754156639704285,
  "rougeL_f1": 0.15429766024464261,
  "bleu": 0.013013899990673454,
  "bertscore_f1": 0.0,
  "length_ratio": 2.7196463223551777,
  "failure_rate": 0.0
}