{"bertscore_f1":0,"failure_rate":0,"rouge2_f1":0.043754156639704285,"error_analysis":{"_type":"table-file","sha256":"d04afec7f068cc1572de836503b2b2f8129b8db872122741ba141f5397882a2e","size":27173,"artifact_path":"wandb-client-artifact://v976mgnrilesv5jqin465y3hxihunfanmxzid3c68z6sbr51nimkfsenoyg07ar1ve01za7uih9str68hdc2uw61uoituefllcfg33wwsu04twer86syg2puqt49sj8b/error_analysis.table.json","_latest_artifact_path":"wandb-client-artifact://4ymzc078p839mkla88z372o7qkybicn4syfa9tpkd38jm7p5gw4tk84bu4z6mnnplkof25a9wah5v7n3dembvomtyn4srcjd2lztpiq74sfp163198wis1p91d8h70u5:latest/error_analysis.table.json","path":"media/table/error_analysis_1_d04afec7f068cc1572de.table.json","ncols":9,"nrows":30},"_step":1,"_timestamp":1.7479735817603676e+09,"bleu":0.013013899990673454,"rouge1_f1":0.24331646188548556,"rougeL_f1":0.15429766024464261,"length_ratio":2.7196463223551777,"_wandb":{"runtime":1},"_runtime":1.2792972}